x-axis,y-axis,z-axis,sensor,rssi,phase,frequency,room_id,gender,activity
0.82312,0.70966,0.13456,1,-57.5,0.33287,923.25,1,0,0
0.8583,0.65224,0.077541,1,-57.5,0.67495,922.75,1,0,0
0.92865,0.72114,0.23718,1,-66.5,5.5622,923.75,1,0,0
0.8114,0.76708,0.15736,1,-67.0,2.7458,922.75,1,0,0
0.77622,0.75559,0.12315,1,-67.5,2.0862,925.25,1,0,0
0.79967,0.70966,0.10035,1,-67.5,2.3669,922.75,1,0,0
0.83485,0.66373,0.077541,1,-58.0,0.56604,922.75,1,0,0
0.74105,0.77856,0.15736,1,-67.0,5.6619,923.75,1,0,0
0.83485,0.66373,0.077541,1,-58.5,4.9011,921.25,1,0,0
1.0342,0.60631,0.15736,1,-56.5,2.3853,924.25,1,0,0
0.8114,0.76708,0.15736,1,-67.5,6.2387,922.25,1,0,0
0.9052,0.72114,0.21438,1,-66.5,1.3683,924.75,1,0,0
0.8583,0.65224,0.077541,1,-56.0,1.6199,925.25,1,0,0
0.65897,0.82449,0.11175,1,-68.0,5.145,924.25,1,0,0
0.83485,0.66373,0.077541,1,-56.5,1.9773,924.75,1,0,0
0.63552,0.83597,0.031928,1,-63.0,4.8336,924.25,1,0,0
0.87003,0.66373,0.066138,1,-56.5,6.0715,923.75,1,0,0
0.69414,0.76708,0.12315,1,-67.5,1.5386,924.75,1,0,0
0.72932,0.80152,0.15736,1,-65.5,4.7584,924.75,1,0,0
1.0342,0.60631,0.15736,1,-56.5,1.06,925.75,1,0,0
1.0107,0.60631,0.13456,1,-61.0,5.6819,920.25,1,0,0
0.8583,0.67521,0.18017,1,-67.0,1.4972,925.75,1,0,0
1.0107,0.60631,0.13456,1,-57.0,5.6589,924.25,1,0,0
0.63552,0.83597,0.031928,1,-64.0,5.171,923.75,1,0,0
0.62379,0.82449,0.031928,1,-63.5,5.461,923.25,1,0,0
1.0342,0.60631,0.15736,1,-58.0,4.0773,922.25,1,0,0
0.7176,0.79004,0.14596,1,-66.5,0.58138,925.75,1,0,0
0.68242,0.80152,0.043332,1,-66.0,6.2188,922.25,1,0,0
0.96383,1.0656,0.18017,1,-67.0,6.1313,923.25,1,0,0
0.83485,0.66373,0.077541,1,-57.0,5.9334,923.75,1,0,0
1.0225,0.62928,0.2828,2,-59.0,0.17794,925.25,1,0,0
0.84658,0.68669,0.14596,2,-68.5,0.87284,925.25,1,0,0
0.82312,0.74411,0.088944,2,-58.5,3.5864,924.25,1,0,0
0.83485,0.70966,0.14596,2,-58.0,3.723,923.75,1,0,0
0.78795,0.72114,0.15736,2,-59.5,0.81454,924.25,1,0,0
0.24858,1.146,-0.059296,2,-59.5,4.7691,920.75,1,0,0
0.82312,0.74411,0.088944,2,-58.0,4.9164,921.25,1,0,0
0.68242,0.96229,-0.025087,2,-47.5,4.8719,922.25,1,0,0
1.0225,0.62928,0.2828,2,-58.0,3.6248,924.25,1,0,0
0.7645,0.79004,0.16876,2,-49.0,5.3521,921.75,1,0,0
0.24858,1.146,-0.059296,2,-58.5,4.5452,922.25,1,0,0
0.78795,0.72114,0.15736,2,-58.5,3.3103,924.75,1,0,0
0.78795,0.72114,0.15736,2,-57.5,6.2034,925.25,1,0,0
0.24858,1.146,-0.059296,2,-59.0,3.6018,923.75,1,0,0
1.0225,0.62928,0.2828,2,-57.0,0.12579,924.25,1,0,0
1.0694,0.61779,0.24859,2,-57.5,4.4777,921.25,1,0,0
0.83485,0.70966,0.14596,2,-56.0,6.1421,924.25,1,0,0
0.33066,0.80152,-0.15052,2,-45.5,3.9301,925.75,1,0,0
0.78795,0.72114,0.15736,2,-58.5,0.32981,924.75,1,0,0
0.33066,0.80152,-0.15052,2,-48.5,5.3613,922.25,1,0,0
1.0694,0.61779,0.24859,2,-56.0,5.8199,925.25,1,0,0
0.24858,1.146,-0.059296,2,-58.0,0.52155,923.75,1,0,0
0.96383,0.65224,0.18017,2,-57.5,0.013806,925.75,1,0,0
0.54171,0.95081,-0.059296,2,-46.5,4.7032,925.75,1,0,0
0.24858,1.146,-0.059296,2,-58.5,0.16567,922.75,1,0,0
0.41273,0.80152,-0.013684,2,-49.5,0.23623,924.25,1,0,0
0.82312,0.74411,0.088944,2,-58.0,4.0221,922.75,1,0,0
1.0225,0.62928,0.2828,2,-57.0,4.3611,922.75,1,0,0
0.51826,0.85894,0.10035,2,-48.5,3.7675,921.75,1,0,0
0.51826,0.85894,0.10035,2,-48.0,4.019,921.75,1,0,0
1.0694,0.61779,0.24859,2,-58.0,6.0408,925.25,1,0,0
1.0694,0.61779,0.24859,2,-57.5,4.8136,920.75,1,0,0
0.41273,0.80152,-0.013684,2,-47.5,5.395,925.75,1,0,0
0.55344,0.97377,-0.082102,3,-55.5,1.488,925.25,1,0,1
0.45964,-0.27789,1.0468,3,-62.5,0.33748,921.75,1,0,1
0.40101,-0.23196,0.98978,3,-60.5,1.5539,925.25,1,0,1
0.96383,0.66373,0.22578,3,-64.5,0.6412,921.75,1,0,0
0.37756,-0.24344,1.0012,3,-61.5,1.5892,925.25,1,0,1
0.41273,-0.27789,0.94417,3,-58.0,1.445,924.75,1,0,1
0.35411,-0.22048,0.94417,3,-62.0,0.2439,923.75,1,0,1
0.23685,-0.16306,0.92136,3,-62.0,6.1681,922.75,1,0,1
0.31893,-0.23196,0.97838,3,-62.5,5.5377,923.75,1,0,1
0.72932,0.74411,0.11175,3,-64.0,5.7632,923.75,1,0,0
0.37756,-0.28938,0.94417,3,-60.0,1.7671,924.75,1,0,1
0.2603,-0.19751,0.86435,3,-59.5,2.3853,923.25,1,0,1
0.7645,0.74411,0.13456,3,-64.5,5.4717,924.25,1,0,0
0.42446,-0.26641,0.96698,3,-61.5,5.441,924.25,1,0,1
0.37756,-0.24344,1.0012,3,-61.0,1.5539,925.25,1,0,1
0.43619,0.16995,0.86435,3,-61.5,5.8491,924.75,1,0,1
0.42446,-0.28938,0.98978,3,-59.0,1.2579,925.75,1,0,1
0.44791,-0.31234,1.0012,3,-59.5,0.84676,925.75,1,0,1
0.33066,-0.25493,0.90996,3,-61.5,0.13039,922.25,1,0,1
0.31893,-0.22048,0.94417,3,-62.5,4.4025,920.25,1,0,1
0.29548,-0.18603,0.95557,3,-61.0,2.3777,925.25,1,0,1
0.35411,-0.25493,0.98978,3,-63.0,0.053689,922.25,1,0,1
0.23685,-0.16306,0.92136,3,-61.0,5.5361,923.75,1,0,1
0.82312,0.50296,0.43103,3,-62.0,0.55837,922.75,1,0,0
0.49481,-0.31234,1.0468,3,-62.0,5.8123,923.25,1,0,1
0.37756,-0.28938,0.94417,3,-60.5,2.3424,923.75,1,0,1
0.77622,0.72114,0.15736,3,-63.5,1.4189,925.75,1,0,0
0.30721,-0.22048,0.88716,3,-61.5,3.5558,921.75,1,0,1
0.31893,-0.23196,0.97838,3,-62.0,2.6661,923.25,1,0,1
0.47136,-0.26641,1.0354,3,-59.0,0.44332,923.75,1,0,1
0.36583,-0.25493,0.95557,3,-60.5,6.2034,922.75,1,0,1
0.40101,-0.26641,0.95557,3,-59.5,0.80227,925.75,1,0,1
0.74105,0.75559,0.15736,3,-64.5,4.7507,925.75,1,0,0
0.47136,-0.26641,1.0354,3,-63.5,4.9256,924.25,1,0,1
0.37756,-0.20899,0.96698,3,-60.5,5.1803,925.75,1,0,1
0.7176,0.76708,0.14596,3,-63.5,0.45866,921.75,1,0,0
0.50654,-0.27789,1.0582,3,-63.5,4.493,921.75,1,0,1
0.35411,-0.25493,0.98978,3,-61.5,1.85,924.75,1,0,1
0.75277,0.76708,0.12315,3,-64.5,6.073,923.75,1,0,0
0.29548,-0.18603,0.95557,3,-61.0,2.0555,925.75,1,0,1
0.55344,-0.24344,0.85295,3,-61.0,1.04,925.75,1,0,1
0.56517,-0.34679,1.0354,3,-60.0,2.9391,922.25,1,0,1
0.34238,-0.23196,0.95557,3,-60.0,1.3545,925.75,1,0,1
0.28376,-0.20899,0.95557,3,-63.5,3.7705,921.25,1,0,1
0.44791,-0.31234,1.0354,3,-59.5,1.4803,924.25,1,0,1
0.44791,-0.31234,1.0354,3,-60.5,6.1329,922.25,1,0,1
0.42446,-0.28938,0.98978,3,-59.5,1.8377,924.75,1,0,1
0.78795,0.75559,0.15736,3,-62.5,4.8658,925.25,1,0,0
0.24858,-0.22048,0.81874,3,-58.0,1.5585,924.25,1,0,1
0.40101,-0.082679,0.78453,3,-57.5,0.049087,925.25,1,0,1
0.33066,-0.22048,0.89856,3,-61.0,6.0761,922.75,1,0,1
0.42446,-0.27789,1.0696,3,-66.0,4.0881,920.25,1,0,1
0.43619,-0.31234,0.96698,3,-59.5,1.7395,924.75,1,0,1
0.40101,-0.26641,0.95557,3,-59.5,1.1075,925.25,1,0,1
0.47136,-0.26641,1.0354,3,-61.0,2.1875,925.75,1,0,1
0.50654,-0.32383,0.98978,3,-62.0,0.87744,920.75,1,0,1
0.92865,0.67521,0.20297,3,-62.5,5.645,923.75,1,0,0
0.33066,-0.20899,0.94417,3,-61.5,6.1727,922.75,1,0,1
0.61207,-0.36976,1.0582,3,-59.5,1.9528,924.25,1,0,1
0.45964,-0.27789,1.0468,3,-62.5,2.2457,923.75,1,0,1
0.28376,-0.20899,0.95557,3,-61.5,1.5723,925.25,1,0,1
0.2603,-0.17454,0.93277,3,-61.5,2.3823,923.75,1,0,1
0.35411,-0.26641,0.93277,3,-59.5,1.623,924.75,1,0,1
0.75277,0.73263,0.15736,3,-64.0,0.061359,922.75,1,0,0
0.23685,-0.16306,0.92136,3,-62.5,3.3287,922.25,1,0,1
0.69414,0.79004,0.10035,3,-64.5,0.44179,922.25,1,0,0
0.41273,-0.28938,0.96698,3,-61.5,0.099709,922.25,1,0,1
0.29548,-0.19751,0.93277,3,-63.5,1.4097,925.75,1,0,1
0.2603,-0.17454,0.93277,3,-62.5,6.1037,922.75,1,0,1
0.40101,-0.27789,0.98978,3,-59.5,1.8715,924.75,1,0,1
0.33066,-0.25493,0.90996,3,-60.0,1.1858,925.75,1,0,1
0.44791,-0.31234,1.0012,3,-61.5,1.0048,920.25,1,0,1
0.29548,-0.19751,0.89856,3,-60.0,1.1351,925.25,1,0,1
0.72932,0.76708,0.10035,3,-65.0,1.4097,920.25,1,0,0
0.40101,-0.23196,0.98978,4,-57.0,3.9761,924.75,1,0,1
0.29548,-0.20899,0.94417,4,-57.5,3.9301,924.75,1,0,1
0.49481,-0.31234,1.0468,4,-58.0,4.1878,924.75,1,0,1
0.68242,0.77856,0.088944,4,-57.5,5.2186,922.25,1,0,0
0.79967,0.75559,0.16876,4,-56.5,0.76852,925.75,1,0,0
0.82312,0.70966,0.16876,4,-56.5,5.5806,924.75,1,0,0
0.87003,0.66373,0.077541,4,-58.0,1.3714,921.75,1,0,0
0.75277,0.76708,0.12315,4,-57.0,6.0976,924.25,1,0,0
0.8114,0.76708,0.15736,4,-56.5,1.9313,924.25,1,0,0
0.30721,-0.22048,0.88716,4,-56.0,6.0546,925.25,1,0,1
0.36583,-0.27789,0.98978,4,-57.0,6.093,925.75,1,0,1
0.72932,0.74411,0.11175,4,-57.5,4.9241,922.25,1,0,0
0.55344,0.97377,-0.082102,4,-58.5,0.27151,922.75,1,0,1
0.72932,0.73263,0.11175,4,-57.0,3.6018,923.75,1,0,0
0.7645,0.74411,0.13456,4,-56.5,1.4266,925.75,1,0,0
0.31893,-0.23196,0.97838,4,-57.5,4.2997,924.75,1,0,1
0.68242,0.77856,0.088944,4,-57.0,0.001534,924.25,1,0,0
0.67069,0.79004,0.066138,4,-56.5,5.5622,924.75,1,0,0
0.65897,0.82449,0.11175,4,-61.0,6.1237,920.25,1,0,0
0.7176,0.79004,0.11175,4,-58.0,0.73784,922.25,1,0,0
0.70587,0.77856,0.12315,4,-56.5,1.1689,925.25,1,0,0
0.7176,0.75559,0.12315,4,-56.5,1.3837,925.75,1,0,0
0.23685,-0.18603,0.87575,4,-55.5,5.754,925.25,1,0,1
0.29548,-0.19751,0.89856,4,-56.5,5.2815,922.75,1,0,1
0.75277,0.70966,0.088944,4,-54.0,6.1144,923.75,1,0,0
0.72932,0.73263,0.11175,4,-57.0,5.0008,922.25,1,0,0
0.70587,0.67521,0.60208,4,-60.0,6.1221,920.75,1,0,1
0.7176,0.75559,0.12315,4,-56.5,0.33901,923.75,1,0,0
0.62379,-0.38124,1.0468,4,-56.5,5.4211,922.75,1,0,1
0.2603,-0.19751,0.86435,4,-58.0,1.3744,920.25,1,0,1
0.43619,-0.31234,0.96698,4,-56.0,4.4378,923.75,1,0,1
0.78795,0.75559,0.15736,4,-57.0,3.4929,923.75,1,0,0
0.24858,-0.16306,0.92136,4,-58.0,5.1726,923.75,1,0,1
0.67069,0.79004,0.066138,4,-57.5,1.3407,922.75,1,0,0
0.49481,-0.32383,1.0582,4,-58.0,5.8767,922.75,1,0,1
0.92865,0.67521,0.20297,4,-57.0,0.81915,923.25,1,0,0
0.88175,0.65224,0.11175,4,-57.5,0.32981,923.75,1,0,0
0.31893,-0.22048,0.94417,4,-58.5,0.059825,922.25,1,0,1
0.24858,-0.16306,0.92136,4,-59.0,0.90812,921.75,1,0,1
0.37756,-0.25493,0.90996,4,-55.5,5.1664,922.75,1,0,1
0.7176,0.79004,0.11175,4,-56.5,1.4189,924.75,1,0,0
0.69414,0.80152,0.10035,4,-56.5,1.8546,924.75,1,0,0
0.40101,-0.27789,0.98978,4,-59.0,1.8945,920.25,1,0,1
0.82312,0.70966,0.13456,4,-57.0,5.4917,924.25,1,0,0
0.92865,0.72114,0.23718,4,-58.0,1.2164,922.25,1,0,0
0.37756,-0.24344,1.0012,4,-57.0,3.7843,925.25,1,0,1
0.92865,0.72114,0.23718,4,-56.5,0.42031,923.25,1,0,0
0.49481,-0.31234,1.1038,4,-59.5,1.0907,921.75,1,0,1
0.75277,0.76708,0.12315,4,-58.0,5.0591,922.25,1,0,0
0.2603,-0.19751,0.86435,4,-55.0,4.3182,923.75,1,0,1
0.87003,0.74411,0.15736,4,-57.0,5.4963,924.75,1,0,0
0.65897,0.79004,0.066138,4,-55.5,5.7662,924.25,1,0,0
0.79967,0.75559,0.16876,4,-56.5,2.327,924.25,1,0,0
0.82312,0.69818,0.14596,4,-57.5,4.1694,923.75,1,0,0
1.0225,0.64076,0.24859,4,-60.0,3.7782,920.25,1,0,0
0.33066,-0.20899,0.94417,4,-57.5,4.4501,924.25,1,0,1
0.72932,0.76708,0.10035,4,-56.5,6.1605,924.25,1,0,0
0.75277,0.73263,0.15736,4,-54.5,5.7095,924.75,1,0,0
0.33066,-0.25493,0.90996,4,-56.0,6.1144,925.25,1,0,1
0.49481,-0.31234,1.0012,4,-56.0,5.2692,925.75,1,0,1
0.36583,-0.25493,0.90996,4,-56.5,5.8905,922.25,1,0,1
0.47136,-0.26641,1.0354,4,-58.0,3.4929,925.25,1,0,1
1.0107,0.60631,0.13456,4,-57.0,4.8274,924.75,1,0,0
0.75277,0.70966,0.088944,4,-56.5,5.5791,924.25,1,0,0
0.29548,-0.20899,0.94417,4,-58.5,0.064427,922.25,1,0,1
1.0225,0.64076,0.24859,4,-57.0,4.5498,922.75,1,0,0
0.42446,-0.28938,0.98978,4,-57.0,4.921,923.75,1,0,1
0.29548,-0.19751,0.93277,4,-57.0,6.0838,925.75,1,0,1
0.75277,0.70966,0.088944,4,-58.0,4.4317,922.25,1,0,0
0.72932,0.74411,0.11175,4,-57.0,4.5958,922.75,1,0,0
0.68242,0.77856,0.088944,4,-56.5,1.9788,924.75,1,0,0
0.62379,0.82449,0.031928,4,-57.0,0.17641,922.75,1,0,0
0.8114,0.74411,0.18017,4,-57.0,3.3287,923.25,1,0,0
0.37756,-0.25493,0.97838,4,-57.0,0.27918,925.25,1,0,1
0.7176,0.75559,0.12315,4,-56.5,0.80381,923.25,1,0,0
0.61207,-0.38124,1.0468,4,-54.5,5.5085,922.75,1,0,1
0.82312,0.70966,0.13456,4,-59.5,2.7596,920.25,1,0,0
0.9052,0.65224,0.10035,4,-57.0,4.6326,925.25,1,0,0
0.87003,0.74411,0.15736,4,-57.0,4.5252,922.75,1,0,0
0.23685,-0.16306,0.92136,4,-59.5,6.2188,922.75,1,0,1
0.49481,-0.31234,1.1038,4,-59.0,5.8368,923.25,1,0,1
0.72932,0.73263,0.11175,4,-57.0,6.1375,924.25,1,0,0
0.70587,0.77856,0.12315,4,-58.0,0.24237,923.25,1,0,0
0.31893,-0.23196,0.97838,4,-57.5,5.2324,923.75,1,0,1
0.35411,-0.25493,0.98978,4,-58.5,6.1681,922.75,1,0,1
0.37756,-0.24344,1.0012,4,-58.0,5.6911,923.25,1,0,1
0.37756,-0.24344,1.0012,4,-57.5,0.14266,925.75,1,0,1
0.24858,-0.16306,0.92136,4,-58.5,6.2464,922.75,1,0,1
0.31893,-0.23196,0.97838,4,-58.0,3.8641,925.25,1,0,1
0.37756,-0.25493,0.90996,4,-56.0,0.090505,924.75,1,0,1
0.87003,0.66373,0.077541,4,-57.5,3.7046,925.75,1,0,0
0.9052,0.72114,0.21438,4,-56.5,1.06,925.25,1,0,0
0.70587,0.75559,0.14596,4,-57.0,6.0408,924.25,1,0,0
0.75277,0.73263,0.12315,4,-56.5,5.5438,924.75,1,0,0
0.9052,0.65224,0.10035,4,-58.0,1.5923,922.25,1,0,0
0.77622,0.79004,0.10035,4,-57.0,0.48627,925.75,1,0,0
0.31893,-0.22048,0.94417,4,-57.5,5.8521,922.75,1,0,1
0.57689,-0.34679,1.024,4,-58.0,1.4481,920.25,1,0,1
0.89348,0.70966,0.22578,4,-57.5,0.91579,923.25,1,0,0
0.79967,0.70966,0.10035,4,-56.5,1.4404,923.75,1,0,0
0.37756,-0.24344,0.97838,4,-59.0,1.307,921.25,1,0,1
0.29548,-0.20899,0.89856,4,-56.0,1.0999,923.75,1,0,1
0.49481,-0.32383,1.0582,4,-57.0,0.3068,925.25,1,0,1
0.61207,-0.38124,1.0468,4,-56.0,0.3927,924.75,1,0,1
0.37756,-0.25493,0.97838,4,-59.0,0.51695,921.75,1,0,1
0.45964,-0.27789,1.0468,4,-58.5,6.2433,922.75,1,0,1
0.37756,-0.24344,1.0012,4,-57.5,4.3166,924.75,1,0,1
0.50654,-0.32383,0.98978,4,-57.0,5.935,922.25,1,0,1
0.37756,-0.24344,1.0012,4,-57.0,4.7461,924.25,1,0,1
0.9052,0.72114,0.21438,4,-57.0,0.27612,922.75,1,0,0
0.42446,-0.26641,0.96698,4,-57.5,6.0025,925.75,1,0,1
0.33066,-0.22048,0.89856,4,-56.0,6.1022,925.25,1,0,1
0.36583,-0.27789,0.98978,4,-57.0,0.35282,925.25,1,0,1
0.35411,-0.25493,0.94417,4,-57.5,0.44179,921.25,1,0,1
0.37756,-0.24344,0.97838,4,-57.5,5.2048,923.75,1,0,1
0.49481,-0.31234,1.0012,4,-57.0,6.1451,921.75,1,0,1
0.29548,-0.19751,0.93277,4,-58.5,5.1925,923.75,1,0,1
0.63552,0.83597,0.031928,4,-56.5,0.44485,925.75,1,0,0
0.82312,0.70966,0.16876,4,-56.5,5.0054,925.25,1,0,0
0.67069,0.81301,0.10035,4,-56.5,0.86517,925.75,1,0,0
0.7645,0.74411,0.13456,4,-59.5,5.9856,921.25,1,0,0
0.35411,-0.22048,0.94417,4,-58.5,1.1367,924.75,1,0,1
0.78795,0.72114,0.13456,4,-57.0,6.2004,925.25,1,0,0
0.7176,0.76708,0.14596,4,-56.5,5.2585,925.25,1,0,0
0.9052,0.65224,0.10035,4,-57.0,6.1451,924.25,1,0,0
0.72932,0.73263,0.11175,4,-56.5,1.4373,925.75,1,0,0
0.9052,0.65224,0.10035,4,-56.5,4.6618,925.75,1,0,0
0.31893,-0.23196,0.97838,4,-57.5,0.14266,925.75,1,0,1
0.41273,-0.28938,0.96698,4,-58.0,1.1413,920.75,1,0,1
0.82312,0.69818,0.14596,4,-59.5,0.15033,925.25,1,0,0
0.7176,0.76708,0.14596,4,-56.5,1.6091,925.75,1,0,0
0.49481,-0.32383,1.0582,4,-57.0,3.9577,924.75,1,0,1
0.37756,-0.24344,1.0012,4,-59.0,1.3131,921.25,1,0,1
0.70587,0.75559,0.14596,4,-56.0,2.3961,924.75,1,0,0
0.50654,-0.32383,0.98978,4,-54.0,6.1144,925.25,1,0,1
0.29548,-0.20899,0.94417,4,-59.5,1.8899,920.25,1,0,1
0.29548,-0.19751,0.93277,4,-57.0,4.4946,924.25,1,0,1
0.7645,0.74411,0.13456,4,-56.5,1.9589,925.25,1,0,0
0.72932,0.76708,0.10035,4,-57.0,1.468,925.75,1,0,0
0.9521,0.68669,0.23718,4,-59.0,4.7063,922.25,1,0,0
0.37756,-0.25493,0.95557,4,-57.0,5.3429,923.25,1,0,1
0.92865,0.72114,0.23718,4,-57.5,3.9914,922.75,1,0,0
0.42446,-0.27789,1.0696,4,-57.0,4.4654,924.75,1,0,1
0.41273,-0.27789,0.94417,4,-57.0,5.2217,922.75,1,0,1
0.99901,0.67521,0.25999,4,-56.0,1.7595,924.75,1,0,0
0.37756,-0.24344,1.0012,4,-57.5,4.3044,924.75,1,0,1
0.82312,0.69818,0.14596,4,-63.0,1.4113,920.75,1,0,0
0.49481,-0.31234,1.0468,4,-57.5,0.079767,925.75,1,0,1
0.31893,-0.17454,0.93277,4,-59.0,0.11965,925.75,1,0,1
0.61207,-0.38124,1.0468,4,-56.5,1.4189,923.75,1,0,1
0.70587,0.77856,0.12315,4,-56.5,0.89124,925.75,1,0,0
0.42446,-0.28938,0.98978,4,-57.0,4.493,924.25,1,0,1
0.36583,-0.27789,0.98978,4,-57.5,5.4196,923.25,1,0,1
0.62379,0.82449,0.031928,4,-56.0,1.4404,924.75,1,0,0
0.29548,-0.20899,0.89856,4,-56.0,1.5923,923.25,1,0,1
0.37756,-0.25493,0.90996,4,-56.0,1.0262,923.75,1,0,1
0.40101,-0.27789,0.98978,4,-57.0,5.3751,923.25,1,0,1
0.29548,-0.19751,0.93277,4,-57.5,0.50928,925.25,1,0,1
0.88175,0.65224,0.11175,4,-56.5,5.2293,925.25,1,0,0
0.7176,0.76708,0.14596,4,-57.0,6.208,924.25,1,0,0
0.31893,-0.23196,0.97838,4,-58.5,6.1804,922.75,1,0,1
0.50654,-0.27789,1.0582,4,-58.0,0.013806,925.75,1,0,1
0.83485,0.72114,0.15736,4,-57.5,3.5849,923.75,1,0,0
0.37756,-0.25493,0.95557,4,-57.0,3.9454,924.75,1,0,1
0.77622,0.79004,0.10035,4,-57.0,1.3944,924.75,1,0,0
0.33066,-0.20899,0.94417,4,-57.5,4.8919,923.75,1,0,1
0.94038,0.65224,0.21438,4,-56.5,1.4036,925.75,1,0,0
0.83485,0.66373,0.077541,4,-59.5,5.303,920.75,1,0,0
0.28376,-0.20899,0.95557,4,-57.5,4.7461,924.25,1,0,1
0.23685,-0.18603,0.87575,4,-57.0,6.2034,921.75,1,0,1
0.54171,-0.33531,1.0354,4,-58.5,0.13806,922.25,1,0,1
0.43619,-0.31234,0.96698,4,-58.5,1.4634,920.25,1,0,1
0.83485,0.72114,0.15736,4,-59.0,5.9994,921.25,1,0,0
0.7645,0.74411,0.13456,4,-56.5,5.6205,924.75,1,0,0
0.55344,-0.24344,0.85295,4,-53.5,5.6389,925.75,1,0,1
0.68242,0.77856,0.088944,4,-57.0,0.18715,923.75,1,0,0
0.40101,-0.082679,0.78453,4,-57.0,5.958,921.75,1,0,1
0.69414,0.79004,0.10035,4,-57.0,6.1068,924.25,1,0,0
0.37756,-0.24344,1.0012,4,-57.5,5.2109,923.75,1,0,1
0.82312,0.70966,0.13456,4,-57.5,1.6061,922.25,1,0,0
0.49481,-0.31234,1.0012,4,-56.0,0.57678,924.25,1,0,1
0.61207,-0.38124,1.0468,4,-56.0,0.8575,924.25,1,0,1
0.55344,-0.24344,0.85295,4,-58.0,0.91732,920.75,1,0,1
0.37756,-0.25493,0.95557,4,-56.5,4.4378,924.25,1,0,1
0.65897,0.82449,0.11175,4,-59.0,5.2278,921.25,1,0,0
0.47136,-0.26641,1.0354,4,-59.5,1.0462,924.75,1,0,1
0.7645,0.74411,0.13456,4,-58.5,5.4963,921.75,1,0,0
0.29548,-0.18603,0.95557,4,-59.5,3.3947,925.75,1,0,1
0.49481,-0.31234,1.1038,4,-57.5,0.1534,925.75,1,0,1
0.87003,0.66373,0.077541,4,-57.0,5.1312,924.25,1,0,0
0.88175,0.65224,0.11175,4,-56.5,5.4242,925.75,1,0,0
0.31893,-0.23196,0.97838,4,-58.0,4.7768,924.25,1,0,1
0.60034,-0.28938,0.81874,1,-64.5,0.65348,923.25,1,0,1
0.69414,0.80152,0.12315,1,-65.5,2.1997,922.25,1,0,0
0.62379,0.84746,0.14596,1,-65.0,6.1712,921.25,1,0,0
0.64724,0.85894,0.10035,1,-62.5,1.06,923.75,1,0,0
0.64724,0.84746,0.12315,1,-61.5,5.2631,925.75,1,0,0
0.49481,0.91636,0.066138,1,-62.5,1.1996,923.25,1,0,0
0.64724,0.85894,0.10035,1,-65.0,2.3347,922.25,1,0,0
-0.15009,1.0771,0.14596,2,-58.5,0.82988,924.25,1,0,0
-0.15009,1.0771,0.14596,2,-56.5,4.7032,923.75,1,0,0
-0.15009,1.0771,0.14596,2,-55.0,2.1921,924.75,1,0,0
0.56517,-0.31234,0.89856,3,-59.0,1.9343,925.75,1,0,1
0.60034,-0.32383,0.92136,3,-59.5,5.6589,924.75,1,0,1
0.60034,-0.28938,0.81874,3,-64.0,1.2241,921.25,1,0,1
0.7645,-0.25493,0.6933,3,-61.5,6.1881,923.25,1,0,1
0.56517,0.88191,0.066138,3,-56.5,0.67495,923.75,1,0,0
0.49481,0.91636,0.066138,4,-56.0,0.32674,924.75,1,0,0
0.61207,0.87042,0.13456,4,-57.5,6.096,922.25,1,0,0
0.60034,0.83597,0.12315,4,-58.5,0.81454,921.25,1,0,0
0.64724,0.84746,0.12315,4,-58.5,0.076699,921.75,1,0,0
0.72932,0.10105,0.79593,4,-56.0,5.2616,925.25,1,0,1
0.62379,0.84746,0.14596,4,-56.5,5.8107,925.75,1,0,0
0.65897,0.83597,0.15736,4,-57.5,5.441,922.75,1,0,0
0.55344,-0.28938,0.86435,4,-59.5,4.9317,924.75,1,0,1
0.60034,0.83597,0.12315,4,-56.0,4.2261,924.25,1,0,0
0.60034,0.83597,0.12315,4,-56.5,5.2217,923.25,1,0,0
0.62379,0.84746,0.14596,4,-57.0,5.2155,923.25,1,0,0
0.61207,0.87042,0.13456,4,-57.0,4.6924,923.75,1,0,0
0.56517,-0.31234,0.89856,4,-59.5,5.5515,924.25,1,0,1
0.60034,0.83597,0.12315,4,-56.0,5.7984,925.75,1,0,0
0.62379,0.84746,0.14596,4,-56.5,4.7339,923.75,1,0,0
0.65897,0.83597,0.15736,4,-56.5,5.168,923.25,1,0,0
0.56517,0.88191,0.066138,4,-56.5,5.9304,925.25,1,0,0
0.60034,0.83597,0.12315,4,-56.5,4.5943,923.75,1,0,0
0.49481,0.91636,0.066138,4,-56.0,4.1786,924.25,1,0,0
0.64724,0.84746,0.12315,4,-57.0,0.76852,923.75,1,0,0
0.61207,0.87042,0.13456,4,-56.5,5.7923,925.75,1,0,0
0.72932,0.79004,0.14596,4,-56.5,4.4915,923.75,1,0,0
0.72932,0.79004,0.14596,4,-56.0,2.5756,925.75,1,0,0
0.61207,0.87042,0.13456,4,-56.0,4.2215,924.25,1,0,0
0.49481,0.91636,0.066138,4,-56.0,5.7754,925.75,1,0,0
0.49481,0.91636,0.066138,4,-57.5,5.5714,922.75,1,0,0
0.62379,0.84746,0.14596,4,-56.5,4.2905,924.25,1,0,0
0.72932,0.79004,0.14596,4,-59.0,0.18868,921.75,1,0,0
0.65897,0.83597,0.15736,4,-56.0,5.6865,925.75,1,0,0
0.55344,-0.28938,0.86435,4,-60.5,2.1798,924.25,1,0,1
0.65897,0.83597,0.15736,4,-58.0,6.1497,922.25,1,0,0
0.7645,-0.25493,0.6933,4,-56.5,6.1022,921.75,1,0,1
0.72932,0.79004,0.14596,4,-57.5,5.484,922.75,1,0,0
0.47136,0.93932,-0.025087,1,-58.0,0.55684,923.25,1,0,0
0.58862,0.89339,0.031928,1,-57.5,1.491,922.25,1,0,0
0.58862,0.89339,0.031928,1,-58.5,0.11965,923.75,1,0,0
0.45964,0.93932,-0.025087,1,-58.0,5.915,920.75,1,0,0
0.2603,0.98526,-0.13912,1,-58.0,0.76852,923.25,1,0,0
0.43619,0.95081,-0.059296,1,-59.5,5.148,925.25,1,0,0
0.99901,0.49148,-0.047893,1,-56.5,5.2539,923.75,1,0,0
0.94038,0.56038,0.066138,1,-60.0,0.7808,920.75,1,0,0
0.2603,0.98526,-0.13912,1,-56.5,2.0095,921.75,1,0,0
0.31893,0.98526,-0.059296,1,-57.0,6.0868,920.75,1,0,0
0.41273,0.96229,-0.070699,1,-58.5,3.2674,920.25,1,0,0
0.38928,0.90487,-0.13912,1,-62.5,1.2042,924.75,1,0,0
-0.20871,0.84746,-0.013684,1,-60.5,4.9885,922.25,1,0,0
0.41273,0.96229,-0.070699,1,-57.5,1.5002,922.25,1,0,0
0.29548,0.89339,-0.013684,1,-59.0,6.2188,920.75,1,0,0
0.2603,0.98526,-0.13912,1,-56.0,1.6552,922.25,1,0,0
0.45964,0.93932,-0.025087,1,-59.0,0.076699,920.25,1,0,0
0.29548,0.89339,-0.013684,1,-58.5,5.1987,922.75,1,0,0
0.31893,0.98526,-0.059296,1,-57.0,2.4712,921.25,1,0,0
0.43619,0.96229,-0.059296,1,-58.0,0.13499,923.75,1,0,0
0.38928,0.90487,-0.13912,1,-63.5,0.064427,923.25,1,0,0
0.44791,0.92784,-0.047893,1,-58.0,0.54763,923.25,1,0,0
-0.20871,0.84746,-0.013684,1,-57.0,5.5515,923.25,1,0,0
-0.056282,1.0197,-0.21894,1,-60.0,0.3206,920.25,1,0,0
1.1749,0.12402,-0.10491,1,-56.5,6.228,923.25,1,0,1
0.42446,0.95081,-0.047893,1,-57.5,1.4696,922.25,1,0,0
0.42446,0.95081,-0.047893,1,-58.5,0.59058,923.25,1,0,0
0.48309,0.92784,-0.025087,1,-57.5,2.2948,921.25,1,0,0
0.42446,0.95081,-0.047893,1,-59.0,5.9564,924.25,1,0,0
1.1632,0.50296,0.066138,1,-57.0,6.1206,920.75,1,0,0
0.31893,0.98526,-0.059296,1,-57.0,2.5035,921.25,1,0,0
0.45964,0.93932,-0.025087,1,-57.5,2.3378,921.25,1,0,0
0.22513,0.98526,-0.29876,1,-49.5,5.5975,921.75,1,0,0
0.41273,0.96229,-0.070699,1,-58.0,1.0769,922.75,1,0,0
0.29548,0.89339,-0.013684,1,-66.0,0.74858,925.75,1,0,0
0.44791,0.92784,-0.047893,1,-57.5,1.8147,921.75,1,0,0
0.43619,0.92784,-0.0022806,1,-59.0,4.536,925.25,1,0,0
0.42446,0.95081,-0.047893,1,-58.0,2.7765,920.75,1,0,0
0.41273,0.96229,-0.070699,1,-58.5,0.18408,923.75,1,0,0
0.78795,0.57186,0.066138,1,-56.5,0.58445,920.25,1,0,0
0.43619,0.95081,-0.059296,1,-57.5,1.8776,921.75,1,0,0
0.31893,0.98526,-0.059296,1,-57.5,0.80074,923.25,1,0,0
0.31893,0.98526,-0.059296,1,-57.0,1.6582,922.25,1,0,0
0.44791,0.92784,-0.047893,1,-58.0,0.99249,922.75,1,0,0
0.43619,0.95081,-0.059296,1,-57.5,2.2994,921.25,1,0,0
0.2603,0.98526,-0.13912,1,-57.0,0.17794,920.25,1,0,0
0.29548,0.89339,-0.013684,1,-58.5,0.7225,921.25,1,0,0
0.78795,0.57186,0.066138,1,-55.5,5.2953,921.75,1,0,0
0.2603,0.98526,-0.13912,1,-59.0,5.4579,925.25,1,0,0
0.45964,0.93932,-0.025087,1,-57.5,1.4788,922.25,1,0,0
0.48309,0.92784,-0.025087,1,-59.5,5.1051,925.25,1,0,0
0.43619,0.96229,-0.059296,1,-58.5,5.9795,920.75,1,0,0
0.43619,0.96229,-0.059296,1,-58.5,0.14573,920.25,1,0,0
0.31893,0.98526,-0.059296,1,-57.5,1.2594,922.75,1,0,0
0.31893,0.98526,-0.059296,1,-58.0,0.43872,923.75,1,0,0
0.41273,0.96229,-0.070699,1,-58.0,2.8409,920.75,1,0,0
0.47136,0.93932,-0.025087,1,-59.0,5.9304,924.25,1,0,0
0.48309,0.92784,-0.025087,1,-58.0,1.017,922.75,1,0,0
0.47136,0.93932,-0.025087,1,-57.5,2.3301,921.25,1,0,0
0.2603,0.98526,-0.13912,1,-56.5,6.0454,920.75,1,0,0
0.43619,0.92784,-0.0022806,1,-57.5,0.65808,922.25,1,0,0
0.43619,0.96229,-0.059296,1,-57.0,1.9543,921.75,1,0,0
1.1632,0.50296,0.066138,1,-57.0,1.8024,921.25,1,0,0
0.72932,0.83597,0.043332,2,-57.0,5.283,922.25,1,0,0
0.22513,0.96229,-0.17333,2,-48.5,5.3275,924.25,1,0,0
0.56517,0.88191,-0.025087,2,-57.0,5.5269,921.75,1,0,0
0.67069,0.85894,-0.0022806,2,-58.0,5.642,923.25,1,0,0
0.47136,0.95081,-0.070699,2,-56.5,1.1351,923.75,1,0,0
0.61207,0.88191,0.020525,2,-57.5,1.6475,923.25,1,0,0
0.54171,0.89339,-0.025087,2,-57.5,4.5498,923.75,1,0,0
0.61207,0.88191,0.020525,2,-57.5,5.0913,922.75,1,0,0
0.67069,0.85894,-0.0022806,2,-56.5,5.1158,922.25,1,0,0
0.56517,0.88191,-0.025087,2,-61.0,0.33594,925.75,1,0,0
0.52999,0.90487,-0.047893,2,-56.0,4.9241,923.25,1,0,0
0.52999,0.90487,-0.047893,2,-57.5,4.8351,923.75,1,0,0
0.67069,0.85894,-0.0022806,2,-56.5,4.832,922.75,1,0,0
-0.16181,1.0197,-0.093505,2,-57.0,0.3927,925.75,1,0,0
0.44791,1.1116,0.10035,2,-50.5,0.83449,922.25,1,0,0
0.54171,0.90487,-0.047893,2,-59.5,0.58905,925.25,1,0,0
0.24858,1.0197,0.020525,2,-60.5,5.8353,922.25,1,0,0
0.51826,0.91636,0.0091224,2,-58.0,4.8044,923.25,1,0,0
0.50654,0.93932,-0.03649,2,-57.5,5.2754,923.25,1,0,0
0.55344,0.85894,0.0091224,2,-58.0,4.312,924.75,1,0,0
0.75277,0.80152,0.054735,2,-57.0,1.2088,924.75,1,0,0
0.67069,0.85894,-0.0022806,2,-57.5,6.0638,921.25,1,0,0
0.27203,1.192,-0.013684,2,-49.5,5.8844,920.25,1,0,0
0.61207,0.88191,0.020525,2,-57.5,5.1987,922.75,1,0,0
0.58862,0.88191,0.031928,2,-57.0,5.1235,922.75,1,0,0
0.67069,0.85894,-0.0022806,2,-57.5,0.17487,920.75,1,0,0
0.55344,0.85894,0.0091224,2,-57.5,5.7217,922.25,1,0,0
0.72932,0.83597,0.043332,2,-58.5,1.0201,924.25,1,0,0
0.24858,1.0197,0.020525,2,-56.0,0.28072,924.75,1,0,0
0.75277,0.80152,0.054735,2,-57.0,4.7799,923.75,1,0,0
0.54171,0.90487,-0.047893,2,-56.5,4.9011,922.25,1,0,0
0.50654,0.93932,-0.03649,2,-57.5,5.6113,922.75,1,0,0
0.55344,0.85894,0.0091224,2,-57.5,5.326,922.75,1,0,0
0.54171,0.90487,-0.047893,2,-57.5,5.9012,921.25,1,0,0
0.47136,0.95081,-0.070699,2,-57.0,1.1781,923.25,1,0,0
0.75277,0.80152,0.054735,2,-58.5,0.67649,920.25,1,0,0
0.50654,0.93932,-0.03649,2,-56.5,5.938,921.75,1,0,0
0.54171,0.89339,-0.025087,2,-57.5,5.1097,923.25,1,0,0
-0.16181,1.0197,-0.093505,2,-56.5,1.2349,923.25,1,0,0
0.58862,0.88191,0.031928,2,-57.5,5.372,922.25,1,0,0
0.51826,0.91636,0.0091224,2,-59.0,4.1157,921.75,1,0,0
0.56517,0.88191,-0.025087,2,-57.0,5.1373,922.25,1,0,0
0.54171,0.90487,-0.047893,2,-58.0,1.6015,923.25,1,0,0
0.77622,0.81301,0.066138,2,-61.0,0.34515,925.75,1,0,0
0.72932,0.83597,0.043332,2,-57.5,5.6665,921.75,1,0,0
0.77622,0.81301,0.066138,2,-58.5,0.33287,920.25,1,0,0
0.55344,0.85894,0.0091224,2,-57.0,6.2034,921.25,1,0,0
0.67069,0.85894,-0.0022806,2,-57.0,5.7171,921.75,1,0,0
0.56517,0.90487,-0.0022806,2,-57.0,5.5131,921.25,1,0,0
0.55344,0.85894,0.0091224,2,-58.0,0.54303,920.25,1,0,0
0.50654,0.93932,-0.03649,2,-57.0,5.4855,922.75,1,0,0
0.44791,1.1116,0.10035,2,-50.5,0.4648,922.25,1,0,0
0.58862,0.88191,0.031928,2,-58.0,5.6328,921.75,1,0,0
0.24858,1.0197,0.020525,2,-56.5,2.2273,923.25,1,0,0
0.30721,0.93932,0.11175,2,-50.5,1.4404,923.25,1,0,0
0.64724,0.85894,0.0091224,2,-58.0,5.912,921.25,1,0,0
0.77622,0.81301,0.066138,2,-57.5,5.1465,922.75,1,0,0
0.72932,0.83597,0.043332,2,-58.0,4.3718,923.75,1,0,0
0.58862,0.88191,0.031928,2,-58.5,4.1893,924.75,1,0,0
0.56517,0.88191,-0.025087,2,-58.5,1.1029,924.25,1,0,0
0.52999,0.90487,-0.047893,2,-58.0,4.4961,924.25,1,0,0
0.64724,0.85894,0.0091224,2,-57.5,1.1259,923.75,1,0,0
0.54171,0.90487,-0.047893,2,-56.5,4.1387,923.75,1,0,0
0.67069,0.85894,-0.0022806,2,-57.5,0.36509,921.25,1,0,0
0.64724,0.85894,0.0091224,2,-57.0,1.4051,923.25,1,0,0
0.56517,0.90487,-0.0022806,2,-62.0,0.77619,925.75,1,0,0
0.27203,1.192,-0.013684,2,-49.5,1.0707,921.75,1,0,0
0.61207,0.88191,0.020525,2,-57.5,4.8044,923.25,1,0,0
0.30721,0.93932,0.11175,2,-50.0,5.0407,923.25,1,0,0
0.41273,0.96229,-0.082102,2,-55.0,0.6995,920.75,1,0,0
0.55344,0.85894,0.0091224,2,-57.5,0.1672,921.25,1,0,0
1.2804,-0.048229,-0.013684,3,-50.0,4.5682,920.25,1,0,1
1.1749,0.032153,-0.070699,3,-50.0,1.0094,920.75,1,0,1
1.1866,0.02067,-0.047893,3,-50.5,5.3137,923.75,1,0,1
1.0342,0.089569,-0.11631,3,-50.0,1.399,920.25,1,0,1
1.2687,0.0091865,-0.025087,3,-50.5,5.2907,923.75,1,0,1
1.3156,-0.01378,-0.013684,3,-53.0,6.0362,922.75,1,0,1
0.92865,0.12402,-0.15052,3,-50.0,3.7813,921.25,1,0,1
0.47136,0.93932,-0.025087,3,-60.5,1.7794,923.75,1,0,0
0.43619,0.92784,-0.0022806,3,-59.0,0.087437,922.75,1,0,0
1.1749,0.11254,0.13456,3,-49.5,0.2439,921.75,1,0,1
1.1866,0.02067,-0.047893,3,-50.0,0.0061359,922.25,1,0,1
1.0811,0.055119,-0.093505,3,-50.0,5.5315,923.25,1,0,1
1.2335,-0.0022966,-0.013684,3,-50.0,5.8997,922.75,1,0,1
1.0342,0.089569,-0.10491,3,-50.5,4.9977,924.25,1,0,1
1.1866,0.02067,-0.047893,3,-49.0,4.3458,920.25,1,0,1
1.1983,0.0091865,-0.047893,3,-50.0,0.0092039,922.25,1,0,1
0.94038,0.12402,-0.15052,3,-50.0,0.6274,921.25,1,0,1
0.9521,0.12402,-0.15052,3,-49.5,5.6174,923.25,1,0,1
0.98728,0.12402,-0.13912,3,-50.0,1.3254,920.25,1,0,1
1.0811,0.078086,-0.10491,3,-50.0,2.1537,923.75,1,0,1
0.96383,0.12402,-0.15052,3,-50.0,5.6404,923.25,1,0,1
0.9052,0.12402,-0.17333,3,-50.0,4.4562,920.25,1,0,1
1.3508,-0.048229,0.0091224,3,-52.0,1.0738,925.75,1,0,1
0.47136,0.93932,-0.025087,3,-62.0,1.0124,924.75,1,0,0
1.2687,-0.025263,-0.025087,3,-49.5,5.8859,922.75,1,0,1
1.0811,0.078086,-0.10491,3,-50.5,5.2784,923.75,1,0,1
0.43619,0.92784,-0.0022806,3,-63.0,0.8575,920.25,1,0,0
0.98728,0.12402,-0.15052,3,-50.0,5.6021,923.25,1,0,1
1.1397,0.032153,-0.070699,3,-49.5,0.32214,921.75,1,0,1
0.78795,0.57186,0.066138,3,-62.0,2.4866,920.75,1,0,0
1.2452,-0.036746,-0.013684,3,-49.5,0.66421,921.25,1,0,1
0.91693,0.078086,-0.13912,3,-49.5,3.2597,921.75,1,0,1
1.0811,0.078086,-0.10491,3,-50.5,5.2769,923.75,1,0,1
0.44791,0.92784,-0.047893,3,-60.5,1.0155,924.75,1,0,0
0.97555,0.12402,-0.15052,3,-50.0,0.31447,921.75,1,0,1
0.9052,0.066602,-0.15052,3,-50.5,1.7211,924.25,1,0,1
1.0107,0.10105,-0.15052,3,-49.5,0.95874,920.75,1,0,1
0.43619,0.95081,-0.059296,3,-61.0,4.0773,920.75,1,0,0
0.96383,0.1355,-0.10491,3,-49.5,0.78386,921.25,1,0,1
0.94038,0.56038,0.066138,3,-56.0,1.5923,924.25,1,0,0
1.2687,0.032153,-0.059296,3,-53.0,5.9396,922.75,1,0,1
0.44791,0.92784,-0.047893,3,-61.0,6.0577,922.25,1,0,0
1.1866,0.0091865,-0.03649,3,-50.5,1.827,924.25,1,0,1
0.92865,0.10105,-0.15052,3,-49.5,1.3284,920.25,1,0,1
1.0342,0.12402,-0.093505,3,-50.0,5.4272,923.75,1,0,1
1.0225,0.089569,-0.12771,3,-50.5,1.8653,924.25,1,0,1
0.58862,0.89339,0.031928,3,-61.0,0.67035,921.25,1,0,0
0.94038,0.089569,-0.12771,3,-49.5,6.2356,922.25,1,0,1
1.1866,0.032153,-0.082102,3,-53.5,5.6911,923.25,1,0,1
0.99901,0.12402,-0.16192,3,-52.5,0.42031,921.75,1,0,1
0.2603,0.98526,-0.13912,3,-62.0,2.1798,922.75,1,0,0
1.0928,0.066602,-0.082102,3,-50.0,5.9227,922.75,1,0,1
1.2452,-0.036746,-0.013684,3,-50.0,5.3521,923.75,1,0,1
0.98728,0.11254,-0.13912,3,-50.0,0.03068,922.25,1,0,1
0.97555,0.14698,-0.16192,3,-53.0,5.9917,922.75,1,0,1
0.44791,0.92784,-0.047893,4,-61.5,0.68262,925.25,1,0,0
1.3508,-0.025263,-0.03649,4,-65.0,5.415,923.75,1,0,1
0.91693,0.18143,-0.12771,4,-63.5,4.6188,921.75,1,0,1
0.98728,0.12402,-0.13912,4,-66.0,0.57831,920.25,1,0,1
0.99901,0.49148,-0.047893,4,-60.5,6.2817,921.25,1,0,0
1.2687,0.0091865,-0.025087,4,-65.5,6.205,923.75,1,0,1
1.2218,0.02067,-0.047893,4,-64.0,3.8503,922.25,1,0,1
1.0576,0.089569,-0.11631,4,-66.5,6.1927,923.75,1,0,1
1.1632,0.032153,-0.047893,4,-65.0,5.2692,921.75,1,0,1
1.1397,0.032153,-0.070699,4,-64.5,5.4257,921.75,1,0,1
0.96383,0.12402,-0.15052,4,-65.0,5.2048,921.75,1,0,1
1.0342,0.11254,-0.15052,4,-66.5,1.0707,925.25,1,0,1
0.44791,0.92784,-0.047893,4,-59.0,4.2261,922.25,1,0,0
1.0225,0.12402,-0.13912,4,-64.5,5.5776,920.75,1,0,1
0.9052,0.11254,-0.17333,4,-67.5,2.2411,924.75,1,0,1
0.91693,0.12402,-0.16192,4,-65.5,5.6987,924.25,1,0,1
0.92865,0.1355,-0.082102,4,-67.5,2.4206,924.75,1,0,1
0.94038,0.15847,-0.18473,4,-65.5,5.9319,920.25,1,0,1
0.99901,0.089569,-0.047893,4,-65.5,0.20095,921.25,1,0,1
1.1632,0.032153,-0.070699,4,-63.5,4.1172,922.25,1,0,1
0.91693,0.18143,-0.12771,4,-64.5,6.1114,923.25,1,0,1
1.0928,0.055119,-0.093505,4,-65.5,6.2418,920.25,1,0,1
0.92865,0.11254,-0.16192,4,-67.0,2.2258,924.75,1,0,1
1.0811,0.078086,-0.10491,4,-67.5,1.6506,925.25,1,0,1
1.0107,0.10105,-0.15052,4,-66.0,0.15493,920.75,1,0,1
1.1163,0.032153,-0.070699,4,-66.5,0.28992,923.75,1,0,1
1.2921,0.0091865,-0.047893,4,-64.0,5.5162,920.75,1,0,1
1.0928,0.066602,-0.082102,4,-65.5,5.7846,921.25,1,0,1
1.0694,0.11254,-0.15052,4,-64.5,2.2258,923.75,1,0,1
0.96383,0.089569,-0.17333,4,-66.0,0.86517,920.25,1,0,1
0.98728,0.15847,-0.18473,4,-65.5,1.2885,924.75,1,0,1
0.98728,0.15847,-0.18473,4,-64.0,4.4163,921.75,1,0,1
1.0928,0.066602,-0.082102,4,-64.5,4.2491,922.75,1,0,1
1.1749,0.11254,0.13456,4,-66.0,1.6015,920.25,1,0,1
1.1397,0.078086,-0.11631,4,-67.0,0.84216,925.25,1,0,1
0.99901,0.12402,-0.13912,4,-65.5,5.869,921.25,1,0,1
1.0342,0.14698,-0.16192,4,-64.5,4.9041,921.25,1,0,1
1.1045,0.043636,-0.093505,4,-65.0,4.8504,922.25,1,0,1
0.94038,0.15847,-0.19613,4,-64.0,5.7095,920.75,1,0,1
1.2335,-0.0022966,-0.013684,4,-66.0,5.9043,921.25,1,0,1
1.2218,0.02067,-0.070699,4,-64.0,3.9761,922.25,1,0,1
0.96383,0.12402,-0.15052,4,-64.5,2.1215,921.75,1,0,1
1.1983,0.0091865,-0.047893,4,-64.0,4.7814,922.25,1,0,1
0.94038,0.16995,-0.13912,4,-65.5,4.6648,924.75,1,0,1
0.94038,0.15847,-0.19613,4,-64.0,1.85,921.25,1,0,1
1.2687,0.0091865,-0.025087,4,-65.5,5.731,921.25,1,0,1
0.97555,0.11254,-0.13912,4,-64.5,5.3321,921.75,1,0,1
0.99901,0.11254,-0.16192,4,-66.0,6.2341,923.75,1,0,1
1.0459,0.12402,-0.12771,4,-64.0,0.89124,922.25,1,0,1
1.0459,0.12402,-0.15052,4,-64.5,0.28839,922.75,1,0,1
0.94038,0.14698,-0.18473,4,-65.0,1.7717,924.25,1,0,1
0.92865,0.11254,-0.15052,4,-66.0,6.2096,923.75,1,0,1
1.1632,0.055119,-0.082102,4,-64.0,1.4097,921.75,1,0,1
1.0694,0.11254,-0.15052,4,-64.5,0.74245,922.25,1,0,1
1.2452,0.055119,-0.0022806,4,-64.0,5.6174,920.75,1,0,1
0.9052,0.11254,-0.17333,4,-65.5,0.71023,923.25,1,0,1
1.0225,0.12402,-0.13912,4,-66.5,0.92652,925.25,1,0,1
1.1397,0.032153,-0.082102,4,-68.0,1.8346,925.25,1,0,1
1.0225,0.11254,-0.12771,4,-65.5,1.3407,924.75,1,0,1
1.0694,0.16995,0.11175,4,-65.5,6.0408,924.25,1,0,1
0.9052,0.12402,-0.17333,4,-64.5,5.2539,921.75,1,0,1
1.1397,0.043636,-0.070699,4,-65.5,0.6366,923.25,1,0,1
1.2921,-0.0022966,-0.025087,4,-64.0,5.0161,921.25,1,0,1
1.0694,0.066602,-0.047893,4,-65.5,2.3424,921.75,1,0,1
0.96383,0.15847,-0.17333,4,-64.5,0.78847,922.25,1,0,1
1.1045,0.078086,-0.10491,4,-64.5,5.4702,920.75,1,0,1
0.96383,0.10105,-0.13912,4,-66.0,0.7992,923.25,1,0,1
1.0576,0.10105,-0.12771,4,-65.0,1.3821,924.75,1,0,1
0.91693,0.16995,-0.12771,4,-63.5,4.7063,921.75,1,0,1
1.3625,-0.048229,0.020525,4,-65.0,0.026078,920.75,1,0,1
0.97555,0.12402,-0.15052,4,-65.0,3.657,923.25,1,0,1
0.94038,0.56038,0.066138,4,-59.0,0.056757,920.25,1,0,0
0.43619,0.95081,-0.059296,4,-60.0,2.1399,923.75,1,0,0
1.3156,-0.025263,-0.013684,4,-65.5,6.2724,923.75,1,0,1
1.1632,0.032153,-0.070699,4,-64.5,5.5898,923.75,1,0,1
1.2687,0.032153,-0.059296,4,-64.0,3.384,922.75,1,0,1
0.96383,0.56038,0.41963,4,-61.5,0.81915,921.25,1,0,0
1.1632,-0.048229,0.14596,4,-65.0,5.6757,922.25,1,0,1
1.0342,0.11254,-0.15052,4,-64.0,0.44485,922.75,1,0,1
1.1749,0.02067,-0.082102,4,-64.0,5.2232,921.25,1,0,1
1.1045,0.089569,-0.12771,4,-64.0,6.0776,923.25,1,0,1
1.3156,-0.048229,-0.0022806,4,-64.5,4.8658,922.25,1,0,1
1.2687,-0.025263,-0.025087,4,-65.0,4.3657,922.75,1,0,1
1.2804,-0.048229,-0.013684,4,-65.5,0.13039,920.75,1,0,1
1.2452,-0.036746,-0.013684,4,-65.0,4.5206,922.75,1,0,1
0.42446,0.95081,-0.047893,4,-60.5,0.095107,922.75,1,0,0
1.1163,0.078086,-0.093505,4,-67.5,0.36969,925.75,1,0,1
1.0928,0.055119,-0.093505,4,-64.5,2.0525,924.25,1,0,1
1.1749,0.032153,-0.059296,4,-66.5,0.59365,920.25,1,0,1
1.1632,0.032153,-0.070699,4,-64.0,5.0713,921.25,1,0,1
0.97555,0.14698,-0.16192,4,-64.0,5.0667,921.25,1,0,1
1.1397,0.078086,-0.11631,4,-64.5,4.9747,921.25,1,0,1
0.97555,0.14698,-0.18473,4,-65.0,5.4763,920.75,1,0,1
1.2921,0.0091865,-0.03649,4,-64.5,2.2918,923.75,1,0,1
0.33066,0.92784,0.14596,4,-58.5,5.0361,925.25,1,0,0
0.9521,0.12402,-0.15052,4,-68.0,2.2381,924.75,1,0,1
0.98728,0.12402,-0.15052,4,-64.0,0.36816,922.75,1,0,1
0.96383,0.078086,-0.13912,4,-65.5,5.6358,921.75,1,0,1
0.92865,0.10105,-0.15052,4,-66.5,2.8133,924.25,1,0,1
0.98728,0.12402,-0.13912,4,-64.5,5.2079,921.75,1,0,1
1.1397,0.032153,-0.070699,4,-66.5,5.6987,924.25,1,0,1
0.99901,0.16995,-0.15052,4,-67.0,0.34668,925.75,1,0,1
1.1514,0.066602,-0.070699,4,-64.0,5.0361,921.25,1,0,1
1.1163,0.066602,-0.093505,4,-63.5,4.0973,922.25,1,0,1
0.97555,0.14698,-0.18473,4,-64.5,1.7917,924.25,1,0,1
0.58862,0.89339,0.031928,4,-60.0,4.3473,921.75,1,0,0
0.48309,0.92784,-0.025087,4,-60.0,1.6812,924.25,1,0,0
1.1163,0.10105,-0.11631,4,-65.0,0.87744,920.75,1,0,1
0.9521,0.14698,-0.18473,4,-65.5,6.0761,920.25,1,0,1
1.3742,-0.059712,-0.0022806,4,-66.5,0.17487,923.75,1,0,1
0.48309,0.92784,-0.025087,4,-60.0,2.1338,923.75,1,0,0
0.99901,0.1355,-0.15052,4,-64.0,4.0083,922.25,1,0,1
1.1866,0.02067,-0.047893,4,-67.0,5.9672,924.25,1,0,1
0.96383,0.14698,-0.19613,4,-65.5,4.4424,924.75,1,0,1
0.45964,0.93932,-0.025087,4,-60.0,5.8077,923.25,1,0,0
0.9521,0.12402,-0.16192,4,-64.0,3.025,923.25,1,0,1
1.0107,0.11254,-0.13912,4,-65.5,0.25464,920.75,1,0,1
0.9052,0.12402,-0.15052,4,-65.0,4.8873,922.25,1,0,1
1.0107,0.14698,-0.070699,4,-66.0,5.981,921.25,1,0,1
0.43619,0.95081,-0.059296,4,-60.0,1.7012,924.25,1,0,0
1.1045,0.089569,-0.12771,4,-64.0,4.9931,921.25,1,0,1
1.1514,0.043636,-0.082102,4,-67.5,0.44946,925.75,1,0,1
1.0342,0.089569,-0.11631,4,-64.5,2.2028,921.75,1,0,1
1.1632,0.032153,-0.047893,4,-66.5,0.65501,920.25,1,0,1
1.1632,0.032153,-0.070699,4,-64.0,3.5404,922.75,1,0,1
1.2452,-0.036746,-0.013684,4,-66.5,0.33441,923.75,1,0,1
0.31893,0.98526,-0.059296,4,-60.0,3.6677,921.75,1,0,0
0.48309,0.92784,-0.025087,4,-59.5,3.7306,922.25,1,0,0
1.2101,0.02067,-0.047893,4,-65.5,1.3867,925.25,1,0,1
0.94038,0.078086,-0.15052,4,-65.0,1.827,922.25,1,0,1
1.1866,0.055119,-0.10491,4,-64.0,0.81761,922.25,1,0,1
1.2804,-0.025263,-0.013684,4,-65.5,1.0707,922.75,1,0,1
1.257,-0.036746,-0.025087,4,-65.5,1.3361,922.75,1,0,1
1.1632,0.0091865,-0.047893,4,-65.0,4.4976,922.75,1,0,1
1.1749,0.02067,-0.082102,4,-66.5,0.99862,925.25,1,0,1
0.98728,0.16995,-0.18473,4,-66.5,0.81915,925.25,1,0,1
0.43619,0.95081,-0.059296,4,-60.5,1.2057,924.75,1,0,0
0.98728,0.15847,-0.17333,4,-64.5,4.941,924.25,1,0,1
0.9521,0.12402,-0.15052,4,-64.5,6.0454,921.25,1,0,1
1.1632,0.066602,-0.082102,4,-64.0,2.347,923.75,1,0,1
1.0694,0.078086,-0.10491,4,-65.5,5.9166,921.25,1,0,1
0.92865,0.078086,-0.15052,4,-65.5,5.9472,921.25,1,0,1
1.1045,0.043636,-0.093505,4,-65.5,0.2485,923.75,1,0,1
0.96383,0.12402,-0.16192,4,-65.0,5.8,921.25,1,0,1
0.92865,0.12402,-0.16192,4,-65.0,4.6986,922.25,1,0,1
1.2921,-0.036746,0.0091224,4,-67.5,2.2703,924.75,1,0,1
1.3273,-0.025263,-0.0022806,4,-66.0,0.0076699,923.75,1,0,1
0.97555,0.14698,-0.18473,4,-65.0,5.9887,920.25,1,0,1
1.1749,0.032153,-0.070699,4,-65.5,6.2817,920.75,1,0,1
1.0811,0.066602,-0.082102,4,-66.5,5.8107,924.25,1,0,1
1.0811,0.078086,-0.11631,4,-64.0,1.4603,921.75,1,0,1
0.96383,0.16995,-0.17333,4,-64.0,4.9885,921.25,1,0,1
1.0342,0.10105,-0.12771,4,-67.0,2.1,924.75,1,0,1
1.3625,-0.048229,0.020525,4,-67.5,1.6076,925.25,1,0,1
0.9052,0.066602,-0.15052,4,-65.5,0.43105,920.75,1,0,1
1.1163,0.066602,-0.093505,4,-65.0,1.4987,924.75,1,0,1
0.92865,0.10105,-0.15052,4,-66.5,0.74091,920.25,1,0,1
1.0225,0.14698,-0.13912,4,-66.5,5.8951,920.25,1,0,1
0.97555,0.14698,-0.16192,4,-64.0,3.4852,922.75,1,0,1
0.98728,0.10105,-0.13912,4,-65.0,2.2764,921.75,1,0,1
1.0576,0.10105,-0.12771,4,-64.0,1.3698,921.75,1,0,1
1.0928,0.078086,-0.093505,4,-65.5,5.7125,924.25,1,0,1
0.31893,0.98526,-0.059296,4,-61.0,1.1152,924.25,1,0,0
1.0694,0.089569,-0.10491,4,-64.0,3.6923,922.75,1,0,1
1.1632,0.055119,-0.093505,4,-64.0,2.8225,923.25,1,0,1
0.96383,0.15847,-0.17333,4,-65.5,1.3116,924.75,1,0,1
1.0694,0.078086,-0.093505,4,-65.0,5.5484,921.75,1,0,1
1.1866,0.0091865,-0.03649,4,-65.5,0.0061359,920.75,1,0,1
0.41273,0.96229,-0.070699,4,-59.5,2.7535,923.25,1,0,0
0.98728,0.15847,-0.17333,4,-65.0,5.4794,920.75,1,0,1
0.94038,0.12402,-0.11631,4,-65.0,4.4225,922.75,1,0,1
0.94038,0.089569,-0.12771,4,-64.5,5.1879,922.25,1,0,1
1.128,0.032153,-0.082102,4,-66.0,0.58905,920.25,1,0,1
1.3508,-0.025263,-0.03649,4,-64.0,3.9531,922.25,1,0,1
0.78795,0.57186,0.066138,4,-65.0,4.0068,924.75,1,0,0
0.96383,0.11254,-0.10491,4,-65.5,1.8254,924.25,1,0,1
1.1163,0.078086,-0.093505,4,-65.5,4.5007,924.75,1,0,1
1.1397,0.055119,-0.093505,4,-64.5,5.5607,920.75,1,0,1
0.94038,0.15847,-0.19613,4,-64.5,5.6558,920.75,1,0,1
0.99901,0.11254,-0.13912,4,-65.5,0.17794,920.75,1,0,1
0.99901,0.15847,-0.17333,4,-64.5,5.4763,920.75,1,0,1
0.9521,0.14698,-0.15052,4,-65.0,5.1082,924.25,1,0,1
1.1397,0.078086,-0.11631,4,-65.0,4.9808,924.25,1,0,1
1.0107,0.14698,-0.15052,4,-63.5,4.5283,921.75,1,0,1
1.0576,0.066602,-0.12771,4,-67.0,5.4564,924.75,1,0,1
0.9052,0.11254,-0.17333,4,-65.0,5.3919,921.75,1,0,1
1.3273,-0.059712,-0.0022806,4,-65.5,0.010738,920.75,1,0,1
0.94038,0.089569,-0.16192,4,-66.0,0.73324,920.25,1,0,1
1.2687,0.0091865,-0.025087,4,-65.0,1.0508,922.75,1,0,1
1.1045,0.078086,-0.10491,4,-64.0,4.9532,921.25,1,0,1
1.0107,0.10105,-0.15052,4,-68.0,1.8101,925.25,1,0,1
0.42446,0.95081,-0.047893,4,-60.0,4.3105,921.75,1,0,0
1.1749,0.032153,-0.059296,4,-65.0,5.2324,921.75,1,0,1
1.0811,0.055119,-0.093505,4,-65.5,3.8718,923.25,1,0,1
1.0225,0.12402,-0.15052,4,-66.5,0.79153,925.25,1,0,1
1.1632,0.043636,-0.082102,4,-64.5,5.5545,920.75,1,0,1
1.0694,0.089569,-0.10491,4,-63.5,5.2002,921.25,1,0,1
1.0928,0.10105,-0.12771,4,-65.0,1.8132,924.25,1,0,1
0.98728,0.11254,-0.13912,4,-66.5,0.18254,923.75,1,0,1
1.1866,0.02067,-0.047893,4,-64.5,4.7216,922.25,1,0,1
0.78795,0.57186,0.066138,4,-60.5,1.7671,923.25,1,0,0
0.2603,0.98526,-0.13912,4,-60.5,1.3177,923.75,1,0,0
0.99901,0.12402,-0.13912,4,-68.0,1.8147,925.25,1,0,1
1.2687,-0.025263,-0.025087,4,-65.5,5.9104,921.25,1,0,1
0.98728,0.11254,-0.13912,4,-64.5,4.8106,922.25,1,0,1
0.98728,0.12402,-0.15052,4,-64.5,5.2155,921.75,1,0,1
1.2921,0.0091865,-0.03649,4,-67.5,0.30526,925.75,1,0,1
1.2921,-0.0022966,-0.025087,4,-64.0,0.28839,922.75,1,0,1
1.1163,0.0091865,-0.059296,4,-64.0,0.25004,921.75,1,0,1
1.1045,0.10105,-0.082102,4,-66.5,6.2617,920.75,1,0,1
0.94038,0.089569,-0.16192,4,-65.5,2.2304,921.75,1,0,1
1.3273,-0.025263,-0.0022806,4,-64.5,4.1878,922.75,1,0,1
0.33066,0.92784,0.14596,4,-56.5,1.5493,922.75,1,0,0
0.96383,0.12402,-0.16192,4,-67.0,1.6245,925.25,1,0,1
1.339,-0.025263,-0.025087,4,-64.0,4.4976,921.75,1,0,1
1.2452,-0.025263,-0.013684,4,-65.0,5.1005,924.25,1,0,1
1.2804,-0.048229,-0.013684,4,-65.5,0.12425,920.75,1,0,1
0.99901,0.12402,-0.13912,4,-66.0,0.1488,920.75,1,0,1
0.94038,0.15847,-0.19613,4,-65.0,6.1497,920.25,1,0,1
1.0811,0.10105,-0.12771,4,-64.5,5.9426,923.25,1,0,1
1.2218,0.02067,-0.047893,4,-65.0,2.1798,923.75,1,0,1
1.0107,0.12402,-0.13912,4,-65.0,1.6015,922.25,1,0,1
0.91693,0.12402,-0.16192,4,-65.5,0.073631,920.75,1,0,1
0.94038,0.14698,-0.18473,4,-64.0,1.4021,921.75,1,0,1
0.96383,0.089569,-0.17333,4,-65.5,5.4963,921.75,1,0,1
0.9052,0.089569,-0.16192,4,-66.5,0.21322,920.75,1,0,1
1.1632,0.0091865,-0.047893,4,-66.5,0.24544,923.75,1,0,1
1.0811,0.11254,-0.12771,4,-64.0,3.9301,922.25,1,0,1
0.99901,0.49148,-0.047893,4,-61.0,1.3131,922.75,1,0,0
1.1632,0.055119,-0.093505,4,-63.5,3.9285,922.25,1,0,1
1.2921,0.0091865,-0.047893,4,-67.0,0.87744,925.25,1,0,1
0.9521,0.12402,-0.16192,4,-63.5,1.5432,921.75,1,0,1
0.96383,0.15847,-0.17333,4,-64.5,5.4226,923.75,1,0,1
0.31893,0.99674,-0.025087,1,-60.0,4.3013,922.75,1,0,0
0.2603,0.97377,0.031928,1,-61.0,1.1091,925.75,1,0,0
0.77622,-0.036746,1.0468,1,-66.0,4.4608,922.75,1,0,1
0.24858,1.169,-0.070699,1,-56.5,5.5837,924.25,1,0,0
0.10787,0.90487,-0.082102,1,-44.5,4.625,922.25,1,0,0
0.72932,-0.048229,0.84154,1,-68.5,0.069029,924.25,1,0,1
0.48309,0.88191,0.088944,1,-64.0,0.2439,923.25,1,0,0
0.072698,1.0197,-0.03649,1,-56.0,3.9024,924.25,1,0,0
0.22513,0.99674,-0.03649,1,-60.5,2.2258,924.75,1,0,0
0.072698,1.0197,-0.03649,1,-58.0,6.2586,923.25,1,0,0
1.0107,0.62928,0.19157,2,-54.5,1.4542,924.75,1,0,0
0.30721,0.98526,-0.0022806,2,-45.0,5.8721,924.25,1,0,0
0.28376,0.98526,-0.047893,2,-46.0,0.13192,923.25,1,0,0
1.0107,0.62928,0.19157,2,-55.5,5.0407,923.75,1,0,0
0.34238,0.97377,0.054735,2,-44.0,5.8859,924.75,1,0,0
0.23685,0.98526,0.066138,2,-47.0,1.5785,921.25,1,0,0
0.23685,0.90487,-0.059296,2,-45.0,4.9241,925.25,1,0,0
0.24858,1.169,-0.070699,2,-50.5,0.62433,924.75,1,0,0
0.7645,0.73263,0.077541,2,-56.5,5.441,922.75,1,0,0
0.27203,0.97377,0.020525,2,-44.5,5.7371,924.75,1,0,0
0.77622,0.72114,0.088944,2,-57.0,6.1098,921.25,1,0,0
0.97555,0.64076,0.18017,2,-57.0,5.8475,921.75,1,0,0
0.28376,0.98526,-0.03649,2,-45.5,0.0061359,923.75,1,0,0
0.34238,0.97377,0.054735,2,-44.0,5.8399,924.75,1,0,0
0.7645,0.73263,0.077541,2,-57.5,6.2387,920.75,1,0,0
0.79967,0.70966,0.10035,2,-56.5,5.6404,922.25,1,0,0
-0.34942,1.146,-0.11631,2,-51.0,4.197,921.25,1,0,0
0.63552,0.74411,0.27139,2,-51.5,0.81454,925.25,1,0,0
0.78795,0.72114,0.10035,2,-55.0,4.8949,924.25,1,0,0
0.0023451,0.62928,-0.025087,2,-47.5,5.0422,922.75,1,0,0
0.31893,0.96229,0.0091224,2,-45.0,5.8184,924.25,1,0,0
0.24858,1.0197,-0.070699,2,-47.0,0.89278,922.25,1,0,0
0.70587,0.76708,0.043332,2,-55.0,5.3459,922.75,1,0,0
0.28376,0.98526,-0.03649,2,-45.0,5.0836,925.75,1,0,0
1.0107,0.62928,0.19157,2,-56.5,5.4426,922.75,1,0,0
0.49481,0.10105,0.92136,2,-69.5,3.7337,924.25,1,0,1
0.83485,0.68669,0.12315,2,-55.5,5.3383,923.25,1,0,0
0.2603,0.97377,-0.03649,2,-45.5,6.2464,923.75,1,0,0
0.24858,1.169,-0.070699,2,-65.5,5.214,925.75,1,0,0
0.75277,0.74411,0.077541,2,-56.0,5.2232,923.25,1,0,0
0.36583,1.0082,-0.10491,2,-45.0,4.6878,925.25,1,0,0
0.88175,0.67521,0.14596,2,-57.5,0.064427,920.75,1,0,0
0.29548,0.98526,-0.070699,2,-48.0,0.59365,920.75,1,0,0
0.72932,0.76708,0.054735,2,-57.5,0.21629,920.25,1,0,0
0.072698,0.76708,0.077541,2,-56.5,1.7012,923.75,1,0,0
0.68242,0.75559,0.031928,2,-55.0,5.0652,923.75,1,0,0
0.75277,0.74411,0.066138,2,-57.5,0.001534,920.75,1,0,0
0.8583,0.68669,0.13456,2,-55.5,5.2876,923.25,1,0,0
0.2603,1.0082,0.043332,2,-48.5,1.2732,920.75,1,0,0
0.24858,0.96229,-0.03649,2,-44.0,5.7371,924.75,1,0,0
0.20168,0.97377,-0.12771,2,-43.5,0.11965,925.25,1,0,0
0.8583,0.67521,0.12315,2,-56.0,5.2662,923.25,1,0,0
0.84658,0.68669,0.12315,2,-56.0,5.4732,922.75,1,0,0
0.70587,0.75559,0.043332,2,-55.0,5.5285,922.25,1,0,0
0.29548,0.97377,-0.03649,2,-46.0,0.13039,923.25,1,0,0
0.20168,0.85894,0.0091224,2,-47.5,1.1397,921.75,1,0,0
0.28376,1.0886,0.020525,2,-56.5,1.5309,920.75,1,0,0
0.75277,0.74411,0.077541,2,-55.5,5.0238,923.75,1,0,0
0.88175,0.67521,0.14596,2,-56.5,5.7279,922.25,1,0,0
1.0225,0.60631,0.19157,2,-57.0,5.8644,921.75,1,0,0
0.82312,0.70966,0.12315,2,-57.5,6.2234,920.75,1,0,0
0.96383,0.65224,0.18017,2,-58.0,6.277,920.75,1,0,0
0.77622,0.72114,0.088944,2,-57.0,6.0562,921.25,1,0,0
0.78795,0.72114,0.10035,2,-58.0,0.21936,920.25,1,0,0
0.79967,0.70966,0.10035,2,-55.0,4.7845,924.25,1,0,0
0.28376,0.98526,-0.03649,2,-45.0,5.033,925.75,1,0,0
0.24858,0.98526,0.0091224,2,-45.5,1.2057,922.75,1,0,0
0.68242,0.76708,0.031928,2,-56.5,6.0316,921.25,1,0,0
0.78795,0.70966,0.077541,2,-57.5,0.010738,920.75,1,0,0
0.84658,0.68669,0.12315,2,-58.0,0.018408,920.75,1,0,0
0.54171,0.066602,0.95557,3,-65.5,0.052155,920.25,1,0,1
0.7176,0.29627,0.88716,3,-61.0,5.8276,923.25,1,0,1
0.58862,0.38813,0.89856,3,-57.0,2.3439,923.75,1,0,0
0.55344,0.055119,0.97838,3,-65.5,2.4958,920.75,1,0,1
0.54171,0.066602,0.95557,3,-66.0,0.22703,920.25,1,0,1
0.58862,0.38813,0.89856,4,-63.5,5.9626,921.25,1,0,0
0.58862,0.38813,0.89856,4,-58.5,1.0416,920.75,1,0,0
0.55344,0.055119,0.97838,4,-60.0,0.54763,925.75,1,0,1
0.7176,-0.01378,1.0468,4,-58.0,0.45406,922.75,1,0,1
0.72932,-0.048229,0.84154,4,-57.0,1.3131,925.25,1,0,1
0.50654,0.078086,0.94417,4,-58.0,5.9534,923.25,1,0,1
0.54171,0.066602,0.95557,4,-57.5,4.5774,921.75,1,0,1
0.52999,0.043636,0.96698,4,-58.0,0.45252,922.75,1,0,1
0.58862,0.38813,0.89856,4,-56.5,5.6711,920.25,1,0,0
0.50654,0.078086,0.94417,4,-57.5,4.6219,921.75,1,0,1
0.50654,0.078086,0.94417,4,-58.0,0.43718,922.75,1,0,1
0.55344,0.055119,0.97838,4,-59.0,1.3177,924.75,1,0,1
0.72932,-0.048229,0.84154,4,-57.5,5.8598,925.75,1,0,1
0.41273,0.97377,-0.013684,4,-53.0,4.7277,923.25,1,0,0
0.55344,0.055119,0.97838,4,-58.0,5.1266,921.25,1,0,1
0.55344,0.055119,0.97838,4,-58.5,2.4007,923.75,1,0,1
0.54171,0.066602,0.95557,4,-57.5,0.32214,922.75,1,0,1
0.77622,-0.036746,1.0468,4,-58.0,4.9287,924.25,1,0,1
-0.091458,0.88191,-0.013684,4,-58.0,0.88511,925.25,1,0,0
0.50654,0.078086,0.94417,4,-58.0,0.27458,922.75,1,0,1
0.84658,-0.059712,0.89856,4,-59.5,5.1051,924.25,1,0,1
0.7176,-0.01378,1.0468,4,-58.5,1.8853,924.25,1,0,1
0.060972,0.88191,-0.070699,4,-58.5,0.1672,924.75,1,0,0
0.060972,0.88191,-0.070699,4,-58.0,5.3597,925.75,1,0,0
0.55344,0.055119,0.97838,4,-58.5,0.39884,922.75,1,0,1
0.52999,0.043636,0.96698,4,-58.0,2.0402,924.25,1,0,1
0.060972,0.88191,-0.070699,4,-57.5,2.0785,920.75,1,0,0
0.060972,0.88191,-0.070699,4,-58.0,0.3973,922.75,1,0,0
0.54171,0.066602,0.95557,4,-57.5,0.24083,922.75,1,0,1
0.74105,-0.01378,1.0468,4,-58.5,1.8837,924.25,1,0,1
-0.091458,0.88191,-0.013684,4,-57.0,4.9256,921.75,1,0,0
0.060972,0.88191,-0.070699,4,-58.0,3.8994,925.75,1,0,0
0.62379,0.84746,0.19157,1,-65.5,0.27151,924.75,1,0,0
0.61207,0.84746,0.19157,1,-68.0,0.69029,924.75,1,0,0
0.42446,0.93932,0.19157,1,-66.0,2.1307,922.75,1,0,0
0.42446,0.93932,0.10035,1,-57.0,5.7724,921.25,1,0,0
0.57689,0.88191,0.13456,1,-66.5,5.4088,923.75,1,0,0
0.62379,0.84746,0.19157,1,-64.5,0.94186,922.25,1,0,0
0.62379,0.82449,0.18017,2,-58.5,3.9561,924.25,1,0,0
0.61207,0.87042,0.15736,2,-56.5,5.1036,921.75,1,0,0
0.61207,0.87042,0.15736,2,-57.5,5.5745,921.25,1,0,0
0.75277,0.76708,0.24859,2,-57.5,0.58905,924.75,1,0,0
0.58862,0.83597,0.14596,2,-58.0,4.7906,923.75,1,0,0
0.62379,0.87042,0.13456,2,-57.5,4.0298,924.25,1,0,0
0.69414,0.83597,0.20297,2,-56.5,0.45406,925.25,1,0,0
0.58862,0.85894,0.16876,2,-57.5,4.5483,922.75,1,0,0
0.70587,0.80152,0.22578,2,-57.0,4.5483,922.75,1,0,0
0.62379,0.87042,0.13456,2,-58.0,4.9456,922.25,1,0,0
0.62379,0.82449,0.18017,2,-58.5,4.3442,923.25,1,0,0
0.70587,0.80152,0.22578,2,-58.0,5.1496,921.75,1,0,0
0.44791,0.75559,0.077541,2,-68.0,2.5955,925.75,1,0,0
0.58862,0.85894,0.16876,2,-57.5,0.28685,925.75,1,0,0
0.62379,0.87042,0.13456,2,-57.0,3.8442,924.75,1,0,0
0.69414,0.83597,0.20297,2,-57.5,0.75625,925.25,1,0,0
0.82312,0.74411,0.2828,2,-57.5,4.6572,923.25,1,0,0
0.64724,0.87042,0.19157,2,-56.0,0.90505,925.75,1,0,0
0.42446,0.93932,0.19157,2,-56.5,1.4619,921.75,1,0,0
0.58862,0.85894,0.16876,2,-59.0,5.5499,920.25,1,0,0
0.49481,1.169,0.20297,2,-56.0,4.3995,924.25,1,0,0
0.57689,0.88191,0.13456,2,-57.0,0.5553,925.75,1,0,0
0.68242,0.81301,0.20297,2,-57.5,0.75165,924.75,1,0,0
0.61207,0.84746,0.19157,2,-57.5,4.7063,923.25,1,0,0
0.7645,0.77856,0.24859,2,-57.5,4.8075,922.75,1,0,0
0.70587,0.80152,0.22578,2,-56.0,4.1924,924.75,1,0,0
0.64724,0.87042,0.19157,2,-57.5,4.625,923.25,1,0,0
0.58862,0.84746,0.18017,2,-58.0,5.1158,921.75,1,0,0
0.75277,0.76708,0.24859,2,-57.5,3.9485,924.25,1,0,0
0.57689,0.88191,0.13456,2,-56.5,4.2599,924.25,1,0,0
0.64724,0.87042,0.19157,2,-56.0,1.083,925.25,1,0,0
0.68242,0.81301,0.20297,2,-57.0,4.1049,924.25,1,0,0
0.62379,0.82449,0.18017,2,-58.0,0.25771,925.25,1,0,0
0.1665,0.92784,0.15736,2,-50.0,0.11965,925.25,1,0,0
0.58862,0.84746,0.18017,2,-57.5,3.9761,924.75,1,0,0
0.61207,0.84746,0.19157,2,-57.0,3.9485,925.25,1,0,0
0.62379,0.82449,0.18017,2,-59.0,5.0345,921.25,1,0,0
0.58862,0.84746,0.18017,2,-57.5,0.25924,925.75,1,0,0
0.57689,0.88191,0.13456,2,-57.0,3.7705,925.25,1,0,0
0.7176,0.79004,0.22578,2,-56.0,4.8274,922.25,1,0,0
0.7645,0.77856,0.24859,2,-57.5,4.8704,922.25,1,0,0
0.51826,0.91636,0.088944,2,-58.5,4.8627,923.25,1,0,0
0.62379,0.87042,0.13456,2,-57.0,3.7935,925.25,1,0,0
0.75277,0.76708,0.24859,2,-58.0,4.3151,923.25,1,0,0
0.61207,0.84746,0.19157,2,-57.5,4.9103,922.25,1,0,0
0.49481,1.169,0.20297,2,-57.0,5.3781,920.25,1,0,0
0.70587,0.80152,0.22578,2,-58.0,4.7799,922.75,1,0,0
0.68242,0.81301,0.20297,2,-58.5,4.8965,922.25,1,0,0
0.61207,0.84746,0.19157,2,-57.5,5.0545,922.25,1,0,0
0.62379,0.82449,0.18017,2,-59.0,4.809,921.75,1,0,0
0.69414,0.83597,0.20297,2,-56.0,0.53536,923.75,1,0,0
0.70587,0.80152,0.22578,2,-58.5,5.6052,920.25,1,0,0
0.62379,0.84746,0.19157,2,-57.0,4.7922,923.25,1,0,0
0.57689,0.88191,0.13456,2,-57.5,4.8597,922.75,1,0,0
0.62379,0.87042,0.13456,2,-57.5,4.5851,923.25,1,0,0
0.51826,0.89339,0.13456,3,-57.5,1.7779,924.75,1,0,0
0.51826,0.89339,0.13456,3,-68.0,4.8412,925.75,1,0,0
0.51826,0.89339,0.13456,4,-55.5,3.6417,924.25,1,0,0
0.42446,0.93932,0.10035,4,-58.5,0.29606,920.25,1,0,0
0.51826,0.89339,0.13456,4,-56.5,5.8368,921.75,1,0,0
0.42446,0.93932,0.10035,4,-53.0,4.7891,923.25,1,0,0
0.44791,-0.28938,0.94417,4,-59.0,1.4557,923.25,1,0,1
0.67069,0.14698,0.94417,4,-58.0,5.8675,925.25,1,0,1
0.45964,-0.28938,0.94417,4,-63.0,0.084369,920.75,1,0,1
0.43619,0.93932,0.077541,4,-55.0,0.36816,921.75,1,0,0
0.67069,0.14698,0.94417,4,-59.0,0.041417,924.75,1,0,1
0.44791,-0.28938,0.94417,4,-60.0,1.4143,923.25,1,0,1
0.67069,0.14698,0.94417,4,-58.0,0.067495,924.75,1,0,1
0.44791,0.75559,0.077541,4,-65.0,1.1305,921.25,1,0,0
0.72932,0.30775,0.59068,1,-64.0,1.873,921.25,1,0,1
0.29548,0.25033,0.77313,1,-63.5,0.052155,924.75,1,0,1
0.13132,-0.082679,1.138,1,-62.0,6.07,925.75,1,0,1
0.13132,-0.082679,1.138,1,-66.0,1.8761,921.75,1,0,1
-0.0093803,1.0656,0.14596,2,-55.0,0.74091,925.75,1,0,1
0.24858,0.60631,0.83014,3,-63.5,1.6322,923.25,1,0,0
0.58862,0.19292,0.87575,4,-54.5,4.6556,924.25,1,0,1
0.64724,0.16995,0.90996,4,-55.5,1.2471,924.25,1,0,1
0.51826,-0.025263,0.98978,4,-59.5,5.78,922.75,1,0,1
0.74105,0.089569,0.96698,4,-55.5,0.51849,925.25,1,0,1
0.58862,0.19292,0.87575,4,-55.5,0.81148,924.75,1,0,1
0.74105,0.089569,0.96698,4,-58.0,1.0354,921.25,1,0,1
0.74105,0.089569,0.96698,4,-55.5,1.1904,924.25,1,0,1
0.64724,0.16995,0.90996,4,-57.5,0.61206,921.75,1,0,1
0.64724,0.16995,0.90996,4,-56.5,5.9825,922.75,1,0,1
0.29548,0.25033,0.77313,4,-58.0,0.91579,924.75,1,0,1
0.58862,0.19292,0.87575,4,-56.0,5.6006,923.25,1,0,1
0.69414,0.089569,0.81874,4,-56.0,5.823,925.75,1,0,1
0.49481,0.26182,0.85295,4,-56.0,6.0669,922.75,1,0,1
0.29548,0.25033,0.77313,4,-57.5,0.26845,922.25,1,0,1
0.40101,1.169,0.13456,1,-56.5,4.4624,922.25,1,0,0
0.83485,0.10105,0.84154,1,-60.0,4.1755,924.75,1,0,1
0.34238,0.16995,1.024,1,-59.5,0.30066,922.75,1,0,1
0.14305,0.80152,-0.059296,2,-50.5,0.21016,921.75,1,0,0
0.14305,0.80152,-0.059296,2,-51.5,5.8429,921.75,1,0,0
0.40101,1.169,0.13456,2,-57.0,5.7233,920.25,1,0,0
0.36583,0.25033,0.83014,3,-63.0,0.001534,923.25,1,0,1
0.58862,0.12402,0.96698,3,-61.0,5.6128,923.75,1,0,1
0.70587,0.089569,1.0012,3,-68.0,2.8486,920.75,1,0,1
0.49481,0.19292,0.89856,3,-66.0,5.507,921.25,1,0,1
0.45964,0.23885,0.84154,3,-63.0,0.13192,923.25,1,0,1
0.44791,0.21588,0.87575,3,-67.0,5.4057,921.75,1,0,1
0.36583,0.23885,0.81874,3,-66.5,6.0454,920.75,1,0,1
0.7176,0.10105,0.98978,3,-63.5,4.1172,921.75,1,0,1
0.35411,0.25033,0.83014,3,-66.0,6.1068,920.75,1,0,1
0.34238,0.25033,0.81874,3,-62.5,5.6696,924.25,1,0,1
0.40101,0.26182,0.84154,3,-62.5,1.85,925.75,1,0,1
0.36583,0.25033,0.83014,3,-61.5,1.7242,925.75,1,0,1
0.69414,0.089569,1.0012,3,-65.5,5.5515,921.25,1,0,1
0.54171,0.18143,0.93277,3,-62.5,0.52922,922.25,1,0,1
0.43619,0.22737,0.85295,3,-68.5,0.66268,923.75,1,0,1
0.70587,0.089569,1.024,3,-62.0,5.6374,924.25,1,0,1
0.44791,0.21588,0.87575,3,-68.0,1.5539,922.75,1,0,1
0.49481,0.18143,0.92136,3,-68.0,3.7306,923.75,1,0,1
0.52999,0.18143,0.90996,3,-67.0,0.16567,922.75,1,0,1
0.49481,0.19292,0.89856,3,-66.5,1.9696,921.75,1,0,1
0.51826,0.16995,0.92136,3,-67.5,4.944,922.25,1,0,1
0.51826,0.19292,0.89856,3,-67.5,5.2738,921.75,1,0,1
0.60034,0.16995,0.93277,3,-66.5,5.958,920.75,1,0,1
0.43619,0.26182,0.83014,3,-62.5,5.8322,924.25,1,0,1
0.35411,0.25033,0.79593,3,-63.5,0.68262,922.25,1,0,1
0.42446,0.23885,0.84154,3,-63.0,6.0362,923.75,1,0,1
0.7176,0.10105,0.98978,3,-68.5,6.0761,920.75,1,0,1
0.49481,0.2044,0.86435,3,-61.5,5.5883,924.75,1,0,1
0.54171,0.19292,0.90996,3,-61.5,5.5039,924.75,1,0,1
0.78795,0.078086,1.0012,3,-67.5,1.6091,922.75,1,0,1
0.70587,0.11254,1.0126,3,-62.5,2.0141,925.25,1,0,1
0.38928,0.23885,0.86435,3,-61.0,6.1068,923.25,1,0,1
0.54171,0.19292,0.90996,3,-62.5,0.33287,922.75,1,0,1
0.57689,0.10105,1.024,3,-59.0,1.8776,923.75,1,0,1
0.42446,0.25033,0.84154,3,-68.5,0.79614,923.25,1,0,1
0.34238,0.25033,0.81874,3,-62.5,2.2657,924.75,1,0,1
0.44791,0.23885,0.86435,3,-66.0,5.5116,921.25,1,0,1
0.50654,0.18143,0.90996,3,-67.0,1.3714,922.75,1,0,1
0.55344,0.16995,0.92136,3,-63.0,6.2617,923.25,1,0,1
0.50654,0.18143,0.90996,3,-67.0,2.1338,921.75,1,0,1
0.44791,0.21588,0.88716,3,-68.0,1.4251,922.75,1,0,1
0.51826,0.16995,0.92136,3,-67.5,1.4619,922.75,1,0,1
0.49481,0.19292,0.89856,3,-68.0,0.72864,923.25,1,0,1
0.54171,0.19292,0.90996,3,-61.0,2.0785,925.25,1,0,1
0.55344,0.16995,0.92136,3,-62.0,5.7064,924.25,1,0,1
0.64724,0.12402,0.97838,3,-67.0,5.961,920.75,1,0,1
0.43619,0.22737,0.86435,3,-62.0,2.0034,925.25,1,0,1
0.51826,0.16995,0.92136,3,-67.0,5.757,921.25,1,0,1
0.54171,0.19292,0.90996,3,-61.0,1.7763,925.75,1,0,1
0.40101,0.26182,0.85295,3,-65.0,5.6911,921.25,1,0,1
0.61207,0.1355,0.96698,3,-67.5,4.3427,922.75,1,0,1
0.69414,0.089569,1.0012,3,-65.5,5.1925,921.75,1,0,1
0.64724,0.10105,0.98978,3,-66.5,1.175,922.75,1,0,1
0.43619,0.26182,0.83014,3,-63.5,4.4102,921.25,1,0,1
0.58862,0.12402,0.96698,3,-68.0,0.78386,923.25,1,0,1
0.47136,0.22737,0.86435,3,-62.0,5.5469,924.75,1,0,1
0.34238,0.25033,0.81874,3,-62.5,5.889,923.75,1,0,1
0.49481,0.19292,0.89856,3,-66.0,5.869,920.75,1,0,1
0.34238,0.16995,1.024,3,-68.0,6.1543,924.25,1,0,1
0.35411,0.25033,0.79593,3,-61.5,2.1215,925.25,1,0,1
0.49481,0.21588,0.86435,3,-63.0,2.2672,925.25,1,0,1
0.52999,0.18143,0.90996,3,-62.5,1.4803,925.75,1,0,1
0.45964,0.22737,0.87575,3,-63.0,0.59825,922.25,1,0,1
0.65897,0.11254,0.96698,3,-62.5,0.3881,922.75,1,0,1
0.58862,0.12402,0.96698,3,-61.0,2.1,924.75,1,0,1
0.28376,0.26182,0.81874,4,-55.0,4.2046,925.75,1,0,1
0.47136,0.21588,0.86435,4,-56.0,4.6572,921.25,1,0,1
0.49481,0.18143,0.92136,4,-57.5,6.2464,924.75,1,0,1
0.40101,0.26182,0.85295,4,-56.0,4.4624,920.25,1,0,1
0.83485,0.10105,0.84154,4,-62.0,0.72097,923.25,1,0,1
0.28376,0.26182,0.81874,4,-56.5,5.869,923.75,1,0,1
0.50654,0.19292,0.92136,4,-55.5,0.75779,921.75,1,0,1
0.43619,0.23885,0.84154,4,-56.0,1.9666,920.75,1,0,1
0.54171,0.15847,0.90996,4,-56.0,4.3519,920.25,1,0,1
0.45964,0.23885,0.84154,4,-55.5,1.1842,921.75,1,0,1
0.44791,0.21588,0.88716,4,-56.5,5.981,921.75,1,0,1
0.50654,0.18143,0.90996,4,-55.5,6.1083,925.25,1,0,1
0.34238,0.25033,0.81874,4,-56.5,5.0008,920.25,1,0,1
0.83485,0.10105,0.84154,4,-61.5,1.5156,925.75,1,0,1
0.33066,0.28478,0.85295,4,-56.0,4.9087,920.25,1,0,1
0.43619,0.22737,0.86435,4,-55.5,6.0991,924.75,1,0,1
1.2101,-0.43866,0.11175,1,-67.5,5.3137,923.25,1,0,1
1.2101,-0.43866,0.11175,1,-66.0,6.1666,922.25,1,0,1
1.2101,-0.49607,0.066138,1,-67.5,4.6495,924.25,1,0,1
1.2101,-0.43866,0.11175,1,-64.5,5.2631,923.25,1,0,1
0.99901,-0.28938,-0.025087,1,-69.0,0.81915,920.75,1,0,1
1.2101,-0.43866,0.11175,1,-65.5,4.5513,924.25,1,0,1
0.99901,-0.28938,-0.025087,3,-55.0,1.962,925.25,1,0,1
1.2101,-0.49607,0.066138,3,-58.0,5.2186,925.75,1,0,1
1.2101,-0.43866,0.11175,3,-55.0,1.7902,925.75,1,0,1
0.99901,-0.28938,-0.025087,3,-54.5,1.7518,925.75,1,0,1
0.99901,-0.28938,-0.025087,3,-57.0,6.0285,923.25,1,0,1
1.0107,-0.55349,-0.025087,3,-58.0,5.1833,925.75,1,0,1
1.2101,-0.43866,0.11175,3,-57.0,6.2264,922.75,1,0,1
1.3156,-0.48459,0.077541,3,-60.0,0.158,922.25,1,0,1
1.0107,-0.55349,-0.025087,3,-61.0,0.23777,922.75,1,0,1
1.2101,-0.49607,0.066138,3,-60.0,0.7225,921.25,1,0,1
0.65897,0.0091865,0.86435,1,-61.5,4.8857,924.75,1,0,1
0.65897,0.0091865,0.86435,1,-61.0,1.6889,924.75,1,0,1
0.65897,0.0091865,0.86435,1,-61.0,1.5202,925.25,1,0,1
0.014071,0.87042,0.043332,2,-54.5,1.04,925.75,1,0,0
0.014071,0.87042,0.043332,2,-55.5,0.60899,925.25,1,0,0
0.014071,0.87042,0.043332,2,-56.5,4.042,923.25,1,0,0
